"Method","Path","OperationId","LambdaHandler","DynamoDbPattern","Auth","TenantIsolated","ZodValidated","Status"
"POST","/admin/hsn-seed","hsnMasterSeed","src/handlers/hsn-seed.ts:handler","Put/Write","No","No","No","Implemented"
"POST","/ai/chat","aiChat","src/handlers/ai.ts:chat","Update/Get","No","No","Yes","Implemented"
"GET","/ai/settings","aiGetSettings","src/handlers/ai.ts:getSettings","Update/Get","Yes","Yes","Yes","Implemented"
"PUT","/ai/settings","aiUpdateSettings","src/handlers/ai.ts:updateSettings","Update/Get","Yes","Yes","Yes","Implemented"
"GET","/api/v1/bills","v1BillsList","src/handlers/v1-bills.ts:listBillsHandler","Put/Write/Update/Delete/Get","Yes","Yes","No","Implemented"
"POST","/api/v1/bills","v1BillsCreate","src/handlers/v1-bills.ts:createBillHandler","Put/Write/Update/Delete/Get","Yes","Yes","No","Implemented"
"GET","/api/v1/bills/count","v1BillsCount","src/handlers/v1-bills.ts:billCountHandler","Put/Write/Update/Delete/Get","Yes","Yes","No","Implemented"
"GET","/api/v1/bills/cross-business","v1BillsCrossBusiness","src/handlers/v1-bills.ts:listBillsCrossBusinessHandler","Put/Write/Update/Delete/Get","Yes","Yes","No","Implemented"
"DELETE","/api/v1/bills/{id}","v1BillsDelete","src/handlers/v1-bills.ts:deleteBillHandler","Put/Write/Update/Delete/Get","Yes","Yes","No","Implemented"
"GET","/api/v1/bills/{id}","v1BillsGet","src/handlers/v1-bills.ts:getBillHandler","Put/Write/Update/Delete/Get","Yes","Yes","No","Implemented"
"PUT","/api/v1/bills/{id}","v1BillsUpdate","src/handlers/v1-bills.ts:updateBillHandler","Put/Write/Update/Delete/Get","Yes","Yes","No","Implemented"
"GET","/api/v1/connections","v1EntityList","src/handlers/v1-entity.ts:listEntity","Put/Write/Update/Delete/Get","Yes","Yes","No","Implemented"
"POST","/api/v1/connections","v1EntityCreate","src/handlers/v1-entity.ts:createEntity","Put/Write/Update/Delete/Get","Yes","Yes","No","Implemented"
"DELETE","/api/v1/connections/{id}","v1EntityDelete","src/handlers/v1-entity.ts:deleteEntity","Put/Write/Update/Delete/Get","Yes","Yes","No","Implemented"
"GET","/api/v1/connections/{id}","v1EntityGet","src/handlers/v1-entity.ts:getEntity","Put/Write/Update/Delete/Get","Yes","Yes","No","Implemented"
"PUT","/api/v1/connections/{id}","v1EntityUpdate","src/handlers/v1-entity.ts:updateEntity","Put/Write/Update/Delete/Get","Yes","Yes","No","Implemented"
"GET","/api/v1/petrol/dsr","v1PetrolDsr","src/handlers/v1-petrol-pump.ts:generateDsrHandler","Query","Yes","Yes","No","Implemented"
"POST","/api/v1/petrol/fuel-receipt","v1PetrolFuelReceipt","src/handlers/v1-petrol-pump.ts:recordFuelReceiptHandler","Query","Yes","Yes","No","Implemented"
"GET","/api/v1/petrol/fuel-types","v1PetrolFuelTypes","src/handlers/v1-petrol-pump.ts:listFuelTypesHandler","Query","Yes","Yes","No","Implemented"
"POST","/api/v1/petrol/fuel-types/rate","v1PetrolUpdateRate","src/handlers/v1-petrol-pump.ts:updateFuelRateHandler","Query","Yes","Yes","No","Implemented"
"GET","/api/v1/petrol/nozzles","v1PetrolNozzles","src/handlers/v1-petrol-pump.ts:listNozzlesHandler","Query","Yes","Yes","No","Implemented"
"GET","/api/v1/petrol/shifts","v1PetrolShiftsList","src/handlers/v1-petrol-pump.ts:listShiftsHandler","Query","Yes","Yes","No","Implemented"
"POST","/api/v1/petrol/shifts","v1PetrolShiftOpen","src/handlers/v1-petrol-pump.ts:openShiftHandler","Query","Yes","Yes","No","Implemented"
"POST","/api/v1/petrol/shifts/close","v1PetrolShiftClose","src/handlers/v1-petrol-pump.ts:closeShiftHandler","Query","Yes","Yes","No","Implemented"
"GET","/api/v1/petrol/shifts/{id}","v1PetrolShiftGet","src/handlers/v1-petrol-pump.ts:getShiftHandler","Query","Yes","Yes","No","Implemented"
"GET","/api/v1/petrol/tanks","v1PetrolTanks","src/handlers/v1-petrol-pump.ts:listTanksHandler","Query","Yes","Yes","No","Implemented"
"POST","/auth/change-password","authChangePassword","src/handlers/auth.ts:changePassword","Get","No (Public/Pre-auth)","No (Auth level)","Yes","Implemented"
"POST","/auth/login","authLogin","src/handlers/auth.ts:login","Get","No (Public/Pre-auth)","No (Auth level)","Yes","Implemented"
"POST","/auth/logout","authLogout","src/handlers/auth.ts:logout","Get","No (Public/Pre-auth)","No (Auth level)","Yes","Implemented"
"GET","/auth/me","authMe","src/handlers/auth.ts:me","Get","No (Public/Pre-auth)","No (Auth level)","Yes","Implemented"
"POST","/auth/mfa/confirm-setup","authMfaSetupConfirm","src/handlers/auth.ts:mfaSetupConfirm","Get","No (Public/Pre-auth)","No (Auth level)","Yes","Implemented"
"POST","/auth/mfa/setup","authMfaSetup","src/handlers/auth.ts:mfaSetup","Get","No (Public/Pre-auth)","No (Auth level)","Yes","Implemented"
"POST","/auth/mfa/verify","authMfaVerify","src/handlers/auth.ts:mfaVerify","Get","No (Public/Pre-auth)","No (Auth level)","Yes","Implemented"
"POST","/auth/refresh","authRefresh","src/handlers/auth.ts:refresh","Get","No (Public/Pre-auth)","No (Auth level)","Yes","Implemented"
"POST","/auth/signup","authSignup","src/handlers/auth.ts:signup","Get","No (Public/Pre-auth)","No (Auth level)","Yes","Implemented"
"GET","/book-store/books","bookStoreGetBooks","src/handlers/book_store.ts:getBooks","Query/Update/Get","Yes","Yes","Yes","Implemented"
"GET","/book-store/customer-loyalty","bookStoreCustomerLoyalty","src/handlers/book_store.ts:customerLoyaltyLookup","Query/Update/Get","Yes","Yes","Yes","Implemented"
"GET","/book-store/isbn/{isbn}","bookStoreLookupIsbn","src/handlers/book_store.ts:lookupBookByIsbn","Query/Update/Get","Yes","Yes","Yes","Implemented"
"GET","/book-store/low-stock","bookStoreGetLowStock","src/handlers/book_store.ts:getLowStockBooks","Query/Update/Get","Yes","Yes","Yes","Implemented"
"GET","/book-store/returns","bookStoreListReturns","src/handlers/book_store.ts:listBookReturns","Query/Update/Get","Yes","Yes","Yes","Implemented"
"POST","/book-store/returns","bookStoreCreateReturn","src/handlers/book_store.ts:createBookReturn","Query/Update/Get","Yes","Yes","Yes","Implemented"
"GET","/books/consignments","bookStoreGetConsignments","src/handlers/book_store.ts:getConsignments","Query/Update/Get","Yes","Yes","Yes","Implemented"
"POST","/books/consignments","bookStoreCreateConsignment","src/handlers/book_store.ts:createConsignment","Query/Update/Get","Yes","Yes","Yes","Implemented"
"POST","/books/consignments/{id}/settle","bookStoreSettleConsignment","src/handlers/book_store.ts:settleConsignment","Query/Update/Get","Yes","Yes","Yes","Implemented"
"GET","/books/school-orders","bookStoreGetSchoolOrders","src/handlers/book_store.ts:getSchoolOrders","Query/Update/Get","Yes","Yes","Yes","Implemented"
"POST","/books/school-orders","bookStoreInstitutionalOrder","src/handlers/book_store.ts:createInstitutionalOrder","Query/Update/Get","Yes","Yes","Yes","Implemented"
"POST","/books/school-orders/{id}/fulfill","bookStoreFulfillSchoolOrder","src/handlers/book_store.ts:fulfillSchoolOrder","Query/Update/Get","Yes","Yes","Yes","Implemented"
"GET","/businesses/my-access","getMyBusinesses","src/handlers/businesses.ts:getMyAccess","Read/Write","Yes","Yes","Yes","Implemented"
"GET","/category-sales","getCategorySales","N/A:N/A","N/A","Yes","No","No","No serverless handler mapping"
"GET","/challans","challanList","src/handlers/challans.ts:list","Get","Yes","Yes","Yes","Implemented"
"POST","/challans","challanCreate","src/handlers/challans.ts:create","Get","Yes","Yes","Yes","Implemented"
"GET","/challans/{id}","challanGet","src/handlers/challans.ts:get","Get","Yes","Yes","Yes","Implemented"
"POST","/challans/{id}/delivered","challanDelivered","src/handlers/challans.ts:delivered","Get","Yes","Yes","Yes","Implemented"
"POST","/clinic/consultation","clinicCreateSoapNote","src/handlers/clinic.ts:createSoapNote","Query/Put/Write/Update/Delete/Get","Yes","Yes","Yes","Implemented"
"POST","/clinic/follow-ups","clinicCreateFollowUp","src/handlers/clinic.ts:createFollowUp","Query/Put/Write/Update/Delete/Get","Yes","Yes","Yes","Implemented"
"POST","/clinic/labs/orders","clinicCreateLabOrder","src/handlers/clinic.ts:createLabOrder","Query/Put/Write/Update/Delete/Get","Yes","Yes","Yes","Implemented"
"POST","/clinic/labs/orders/{id}/results","clinicAttachLabResult","src/handlers/clinic.ts:attachLabResult","Query/Put/Write/Update/Delete/Get","Yes","Yes","Yes","Implemented"
"GET","/clinic/patients/{id}/history","clinicGetPatientHistory","src/handlers/clinic.ts:getPatientHistory","Query/Put/Write/Update/Delete/Get","Yes","Yes","Yes","Implemented"
"PUT","/clinic/queue/{id}/status","clinicUpdateQueueStatus","src/handlers/clinic.ts:updateQueueStatus","Query/Put/Write/Update/Delete/Get","Yes","Yes","Yes","Implemented"
"PUT","/clothing/variants/bulk","clothingBulkUpdateVariants","src/handlers/clothing.ts:bulkUpdateVariants","Put/Write/Update/Get","Yes","Yes","Yes","Implemented"
"GET","/clothing/variants/{productId}","clothingGetVariants","src/handlers/clothing.ts:getVariants","Put/Write/Update/Get","Yes","Yes","Yes","Implemented"
"POST","/computer/checkout","computerCheckout","src/handlers/computer.ts:checkoutBuild","Query/Put/Write/Update/Get","Yes","Yes","Yes","Implemented"
"GET","/computer/job-cards","computerGetJobCards","src/handlers/computer.ts:getJobCards","Query/Put/Write/Update/Get","Yes","Yes","Yes","Implemented"
"POST","/computer/job-cards","computerCreateJobCard","src/handlers/computer.ts:createJobCard","Query/Put/Write/Update/Get","Yes","Yes","Yes","Implemented"
"PATCH","/computer/job-cards/{id}/status","computerUpdateJobCardStatus","src/handlers/computer.ts:updateJobCardStatus","Query/Put/Write/Update/Get","Yes","Yes","Yes","Implemented"
"POST","/computer/rma","computerCreateRma","src/handlers/computer.ts:createRma","Query/Put/Write/Update/Get","Yes","Yes","Yes","Implemented"
"PATCH","/computer/rma/{id}/status","computerUpdateRmaStatus","src/handlers/computer.ts:updateRmaStatus","Query/Put/Write/Update/Get","Yes","Yes","Yes","Implemented"
"GET","/computer/serials","computerGetSerials","src/handlers/computer.ts:getSerials","Query/Put/Write/Update/Get","Yes","Yes","Yes","Implemented"
"GET","/customer/fuel-fills","customerGetFuelFills","src/handlers/customer-app.ts:getMyFillHistory","Get","Yes","Yes","Yes","Implemented"
"GET","/customers/credit/reminder-candidates","getCreditReminderCandidates","src/handlers/customers.ts:getCreditReminderCandidates","Query/Put/Write/Update/Delete/Get","Yes","Yes","Yes","Implemented"
"GET","/customers/recovery-visits","listRecoveryRegister","src/handlers/recovery-visits.ts:listRecoveryRegister","Get","Yes","Yes","Yes","Implemented"
"POST","/customers/recovery-visits","recordRecoveryVisit","src/handlers/recovery-visits.ts:recordRecoveryVisit","Get","Yes","Yes","Yes","Implemented"
"GET","/dashboard","getDashboard","N/A:N/A","N/A","Yes","No","No","No serverless handler mapping"
"GET","/dashboard-summary","getDashboardSummary","N/A:N/A","N/A","Yes","No","No","No serverless handler mapping"
"GET","/estimates","estimateList","src/handlers/estimates.ts:list","Get","Yes","Yes","Yes","Implemented"
"POST","/estimates","estimateCreate","src/handlers/estimates.ts:create","Get","Yes","Yes","Yes","Implemented"
"GET","/estimates/{id}","estimateGet","src/handlers/estimates.ts:get","Get","Yes","Yes","Yes","Implemented"
"POST","/estimates/{id}/convert","estimateConvert","src/handlers/estimates.ts:convert","Get","Yes","Yes","Yes","Implemented"
"POST","/estimates/{id}/void","estimateVoid","src/handlers/estimates.ts:voidEst","Get","Yes","Yes","Yes","Implemented"
"GET","/grocery/batches","groceryBatchList","src/handlers/grocery-batches.ts:listBatches","Put/Write/Update/Get","Yes","Yes","Yes","Implemented"
"POST","/grocery/batches","groceryBatchCreate","src/handlers/grocery-batches.ts:createBatch","Put/Write/Update/Get","Yes","Yes","Yes","Implemented"
"GET","/hardware/deposits","hardwareDepositList","src/handlers/hardware-deposits.ts:listDeposits","Update/Get","Yes","Yes","Yes","Implemented"
"POST","/hardware/deposits","hardwareDepositCreate","src/handlers/hardware-deposits.ts:createDeposit","Update/Get","Yes","Yes","Yes","Implemented"
"POST","/hardware/deposits/{id}/settle","hardwareDepositSettle","src/handlers/hardware-deposits.ts:settleDeposit","Update/Get","Yes","Yes","Yes","Implemented"
"POST","/hardware/grn","hardwareCreateGrn","src/handlers/hardware-phase12.ts:createGrn","Get","Yes","Yes","Yes","Implemented"
"GET","/hardware/indents","hardwareIndentList","src/handlers/hardware-projects.ts:listIndents","Get","Yes","Yes","Yes","Implemented"
"POST","/hardware/indents","hardwareIndentCreate","src/handlers/hardware-projects.ts:createIndent","Get","Yes","Yes","Yes","Implemented"
"POST","/hardware/indents/{id}/close","hardwareIndentClose","src/handlers/hardware-projects.ts:closeIndent","Get","Yes","Yes","Yes","Implemented"
"GET","/hardware/invoice-profiles","hardwareGetInvoiceProfiles","src/handlers/hardware-phase2.ts:getInvoiceProfiles","Get","Yes","Yes","Yes","Implemented"
"PUT","/hardware/invoice-profiles","hardwareSaveInvoiceProfiles","src/handlers/hardware-phase2.ts:saveInvoiceProfiles","Get","Yes","Yes","Yes","Implemented"
"GET","/hardware/parties","hardwareListParties","src/handlers/hardware-phase12.ts:listParties","Get","Yes","Yes","Yes","Implemented"
"POST","/hardware/parties","hardwareCreateParty","src/handlers/hardware-phase12.ts:createParty","Get","Yes","Yes","Yes","Implemented"
"GET","/hardware/parties-aging","hardwareGetPartyAging","src/handlers/hardware-phase12.ts:getPartyAging","Get","Yes","Yes","Yes","Implemented"
"GET","/hardware/parties/{id}/ledger","hardwareGetPartyLedger","src/handlers/hardware-phase12.ts:getPartyLedger","Get","Yes","Yes","Yes","Implemented"
"POST","/hardware/parties/{id}/ledger","hardwarePostPartyLedger","src/handlers/hardware-phase12.ts:postPartyLedger","Get","Yes","Yes","Yes","Implemented"
"POST","/hardware/pos/quick-invoice","hardwareQuickCreateInvoice","src/handlers/hardware-phase2.ts:quickCreateInvoice","Get","Yes","Yes","Yes","Implemented"
"GET","/hardware/project-outstanding","getHardwareProjectOutstanding","N/A:N/A","N/A","Yes","No","No","No serverless handler mapping"
"GET","/hardware/projects","hardwareProjectList","src/handlers/hardware-projects.ts:listProjects","Get","Yes","Yes","Yes","Implemented"
"POST","/hardware/projects","hardwareProjectCreate","src/handlers/hardware-projects.ts:createProject","Get","Yes","Yes","Yes","Implemented"
"POST","/hardware/projects/{id}/close","hardwareProjectClose","src/handlers/hardware-projects.ts:closeProject","Get","Yes","Yes","Yes","Implemented"
"POST","/hardware/purchase-bills","hardwareCreatePurchaseBill","src/handlers/hardware-phase12.ts:createPurchaseBill","Get","Yes","Yes","Yes","Implemented"
"GET","/hardware/purchase-orders","hardwareListPurchaseOrders","src/handlers/hardware-phase12.ts:listPurchaseOrders","Get","Yes","Yes","Yes","Implemented"
"POST","/hardware/purchase-orders","hardwareCreatePurchaseOrder","src/handlers/hardware-phase12.ts:createPurchaseOrder","Get","Yes","Yes","Yes","Implemented"
"GET","/hardware/purchase-orders/pending","hardwarePendingPurchaseOrders","src/handlers/hardware-phase2.ts:getPendingPurchaseOrders","Get","Yes","Yes","Yes","Implemented"
"POST","/hardware/purchase-orders/{id}/status","hardwareUpdatePurchaseOrderStatus","src/handlers/hardware-phase12.ts:updatePurchaseOrderStatus","Get","Yes","Yes","Yes","Implemented"
"GET","/hardware/rate-comparison","hardwareSupplierRateComparison","src/handlers/hardware-phase2.ts:getSupplierRateComparison","Get","Yes","Yes","Yes","Implemented"
"GET","/hardware/reports/dead-stock","hardwareDeadStockReport","src/handlers/hardware-phase2.ts:getDeadStockReport","Get","Yes","Yes","Yes","Implemented"
"GET","/hardware/reports/item-velocity","hardwareItemVelocityReport","src/handlers/hardware-phase2.ts:getItemVelocityReport","Get","Yes","Yes","Yes","Implemented"
"GET","/hardware/sales-orders","hardwareListSalesOrders","src/handlers/hardware-phase2.ts:listSalesOrders","Get","Yes","Yes","Yes","Implemented"
"POST","/hardware/sales-orders","hardwareCreateSalesOrder","src/handlers/hardware-phase2.ts:createSalesOrder","Get","Yes","Yes","Yes","Implemented"
"POST","/hardware/sales-orders/{id}/status","hardwareUpdateSalesOrderStatus","src/handlers/hardware-phase2.ts:updateSalesOrderStatus","Get","Yes","Yes","Yes","Implemented"
"GET","/inventory/expiry-alerts","groceryExpiryAlerts","src/handlers/grocery-expiry.ts:getExpiryAlerts","Query/Get","Yes","Yes","No","Implemented"
"POST","/inventory/labels","barcodeBatchLabels","src/handlers/barcode-label.ts:generateBatchLabels","Get","Yes","Yes","Yes","Implemented"
"POST","/inventory/{id}/adjust","adjustStock","src/handlers/inventory.ts:adjustStock","Query/Put/Write/Update/Delete/Get","Yes","Yes","Yes","Implemented"
"POST","/inventory/{id}/label","barcodeLabel","src/handlers/barcode-label.ts:generateLabel","Get","Yes","Yes","Yes","Implemented"
"GET","/invoices/{id}/einvoice","einvoiceStatus","src/handlers/einvoice.ts:getEInvoiceStatus","Put/Write/Get","Yes","Yes","Yes","Implemented"
"POST","/invoices/{id}/einvoice","einvoiceGenerate","src/handlers/einvoice.ts:generateEInvoice","Put/Write/Get","Yes","Yes","Yes","Implemented"
"POST","/invoices/{id}/einvoice/cancel","einvoiceCancel","src/handlers/einvoice.ts:cancelEInvoice","Put/Write/Get","Yes","Yes","Yes","Implemented"
"POST","/invoices/{id}/ewaybill","ewaybillGenerate","src/handlers/einvoice.ts:generateEWayBill","Put/Write/Get","Yes","Yes","Yes","Implemented"
"POST","/invoices/{id}/return","returnInvoice","src/handlers/invoices.ts:returnInvoice","Put/Write/Update/Get","Yes","Yes","Yes","Implemented"
"GET","/jewellery/reports/hallmark-register","jewelleryHallmarkRegister","src/handlers/jewellery-reports.ts:hallmarkRegisterReport","Query/Get","Yes","Yes","Yes","Implemented"
"GET","/jewellery/reports/old-gold-register","jewelleryOldGoldRegister","src/handlers/jewellery-reports.ts:oldGoldRegisterReport","Query/Get","Yes","Yes","Yes","Implemented"
"POST","/license/activate","licenseActivate","src/handlers/license.ts:activate","Update/Get","Yes","Yes","No","Implemented"
"POST","/license/generate","licenseGenerate","src/handlers/license.ts:generate","Update/Get","Yes","Yes","No","Implemented"
"POST","/license/manage","licenseManage","src/handlers/license.ts:manage","Update/Get","Yes","Yes","No","Implemented"
"GET","/license/status","licenseStatus","src/handlers/license.ts:status","Update/Get","Yes","Yes","No","Implemented"
"POST","/license/validate","licenseValidate","src/handlers/license.ts:validate","Update/Get","Yes","Yes","No","Implemented"
"POST","/loyalty/earn","loyaltyEarn","src/handlers/loyalty.ts:earnPoints","Get","Yes","Yes","Yes","Implemented"
"GET","/loyalty/history/{customerId}","loyaltyHistory","src/handlers/loyalty.ts:getHistory","Get","Yes","Yes","Yes","Implemented"
"POST","/loyalty/redeem","loyaltyRedeem","src/handlers/loyalty.ts:redeemPoints","Get","Yes","Yes","Yes","Implemented"
"GET","/loyalty/{customerId}","loyaltyGetBalance","src/handlers/loyalty.ts:getBalance","Get","Yes","Yes","Yes","Implemented"
"POST","/notifications/register-device","registerDevice","src/handlers/notification.ts:registerDevice","Update","Yes","Yes","Yes","Implemented"
"GET","/payment-config","paymentConfigGet","src/handlers/payment-config.ts:getConfigs","Delete/Get","Yes","Yes","Yes","Implemented"
"POST","/payment-config","paymentConfigSave","src/handlers/payment-config.ts:saveConfig","Delete/Get","Yes","Yes","Yes","Implemented"
"POST","/payment-config/verify","paymentConfigVerify","src/handlers/payment-config.ts:verifyConfig","Delete/Get","Yes","Yes","Yes","Implemented"
"DELETE","/payment-config/{gateway}","paymentConfigDelete","src/handlers/payment-config.ts:deleteConfig","Delete/Get","Yes","Yes","Yes","Implemented"
"GET","/payment-status","getDashboardPaymentStatus","N/A:N/A","N/A","Yes","No","No","No serverless handler mapping"
"POST","/payment/initiate","initiatePayment","src/handlers/payment.ts:initiatePayment","Query/Get","Yes","Yes","Yes","Implemented"
"POST","/payment/reconcile","reconcilePayments","src/handlers/payment.ts:reconcilePayments","Query/Get","Yes","Yes","Yes","Implemented"
"GET","/payment/status","getPaymentStatus","src/handlers/payment.ts:getPaymentStatus","Query/Get","Yes","Yes","Yes","Implemented"
"POST","/payment/webhook/phonepe","phonePeWebhook","src/handlers/payment-webhook.ts:phonePeWebhook","Update","Yes","Yes","No","Implemented"
"POST","/payment/webhook/razorpay","razorpayWebhook","src/handlers/payment-webhook.ts:razorpayWebhook","Update","Yes","Yes","No","Implemented"
"POST","/pharmacy/batch-intake","pharmacyBatchIntake","src/handlers/pharmacy.ts:batchIntake","Query/Put/Write/Update/Get","Yes","Yes","Yes","Implemented"
"POST","/pharmacy/cds/screen","pharmacyCdsScreen","src/handlers/pharmacy.ts:runClinicalScreening","Query/Put/Write/Update/Get","Yes","Yes","Yes","Implemented"
"GET","/pharmacy/claims","pharmacyClaimList","src/handlers/pharmacy.ts:listClaims","Query/Put/Write/Update/Get","Yes","Yes","Yes","Implemented"
"POST","/pharmacy/claims/transmit","pharmacyClaimTransmit","src/handlers/pharmacy.ts:transmitNcpdpClaim","Query/Put/Write/Update/Get","Yes","Yes","Yes","Implemented"
"GET","/pharmacy/claims/{id}","pharmacyClaimGet","src/handlers/pharmacy.ts:getClaimById","Query/Put/Write/Update/Get","Yes","Yes","Yes","Implemented"
"POST","/pharmacy/claims/{id}/adjudicate","pharmacyClaimAdjudicate","src/handlers/pharmacy.ts:adjudicateClaim","Query/Put/Write/Update/Get","Yes","Yes","Yes","Implemented"
"POST","/pharmacy/claims/{id}/cob/next","pharmacyClaimCobNext","src/handlers/pharmacy.ts:createNextCobClaim","Query/Put/Write/Update/Get","Yes","Yes","Yes","Implemented"
"GET","/pharmacy/drug-master/mappings","pharmacyDrugMasterList","src/handlers/pharmacy.ts:listDrugMasterMappings","Query/Put/Write/Update/Get","Yes","Yes","Yes","Implemented"
"POST","/pharmacy/drug-master/mappings","pharmacyDrugMasterUpsert","src/handlers/pharmacy.ts:upsertDrugMasterMapping","Query/Put/Write/Update/Get","Yes","Yes","Yes","Implemented"
"POST","/pharmacy/fefo-override/authorize","pharmacyFefoOverrideAuthorize","src/handlers/pharmacy.ts:authorizeFefoOverride","Query/Put/Write/Update/Get","Yes","Yes","Yes","Implemented"
"GET","/pharmacy/formulary","pharmacyFormularyList","src/handlers/pharmacy.ts:listFormulary","Query/Put/Write/Update/Get","Yes","Yes","Yes","Implemented"
"POST","/pharmacy/formulary","pharmacyFormularyUpsert","src/handlers/pharmacy.ts:upsertFormulary","Query/Put/Write/Update/Get","Yes","Yes","Yes","Implemented"
"GET","/pharmacy/h1-register","pharmacyH1List","src/handlers/pharmacy.ts:getH1Register","Query/Put/Write/Update/Get","Yes","Yes","Yes","Implemented"
"POST","/pharmacy/h1-register","pharmacyH1Create","src/handlers/pharmacy.ts:createH1Entry","Query/Put/Write/Update/Get","Yes","Yes","Yes","Implemented"
"GET","/pharmacy/h1-register/export","pharmacyH1Export","src/handlers/pharmacy.ts:exportH1Register","Query/Put/Write/Update/Get","Yes","Yes","Yes","Implemented"
"GET","/pharmacy/narcotic-register","pharmacyNarcoticList","src/handlers/pharmacy.ts:getNarcoticRegister","Query/Put/Write/Update/Get","Yes","Yes","Yes","Implemented"
"POST","/pharmacy/narcotic-register","pharmacyNarcoticCreate","src/handlers/pharmacy.ts:createNarcoticEntry","Query/Put/Write/Update/Get","Yes","Yes","Yes","Implemented"
"GET","/pharmacy/narcotic-register/export","pharmacyNarcoticExport","src/handlers/pharmacy.ts:exportNarcoticRegister","Query/Put/Write/Update/Get","Yes","Yes","Yes","Implemented"
"GET","/pharmacy/prescriptions/evidence","pharmacyPrescriptionEvidenceList","src/handlers/pharmacy-compliance.ts:listPrescriptionEvidence","Read/Write","Yes","Yes","Yes","Implemented"
"POST","/pharmacy/prescriptions/evidence","pharmacyPrescriptionEvidenceUpload","src/handlers/pharmacy-compliance.ts:uploadPrescriptionEvidence","Read/Write","Yes","Yes","Yes","Implemented"
"POST","/pharmacy/prescriptions/partial-fills","pharmacyPartialFillCreate","src/handlers/pharmacy.ts:recordPartialFill","Query/Put/Write/Update/Get","Yes","Yes","Yes","Implemented"
"GET","/pharmacy/prescriptions/refills","pharmacyRefillList","src/handlers/pharmacy.ts:listRefillRequests","Query/Put/Write/Update/Get","Yes","Yes","Yes","Implemented"
"POST","/pharmacy/prescriptions/refills","pharmacyRefillCreate","src/handlers/pharmacy.ts:createRefillRequest","Query/Put/Write/Update/Get","Yes","Yes","Yes","Implemented"
"POST","/pharmacy/prescriptions/refills/backfill","pharmacyRefillBackfill","src/handlers/pharmacy.ts:backfillRefillTrace","Query/Put/Write/Update/Get","Yes","Yes","Yes","Implemented"
"POST","/pharmacy/prescriptions/refills/backfill/bulk","pharmacyRefillBulkBackfill","src/handlers/pharmacy.ts:bulkBackfillRefillTrace","Query/Put/Write/Update/Get","Yes","Yes","Yes","Implemented"
"GET","/pharmacy/prescriptions/refills/incomplete","pharmacyRefillIncompleteList","src/handlers/pharmacy.ts:listIncompleteRefills","Query/Put/Write/Update/Get","Yes","Yes","Yes","Implemented"
"POST","/pharmacy/prescriptions/refills/{id}/status","pharmacyRefillStatusUpdate","src/handlers/pharmacy.ts:updateRefillStatus","Query/Put/Write/Update/Get","Yes","Yes","Yes","Implemented"
"GET","/pharmacy/prior-auth","pharmacyPriorAuthList","src/handlers/pharmacy.ts:listPriorAuthorizations","Query/Put/Write/Update/Get","Yes","Yes","Yes","Implemented"
"POST","/pharmacy/prior-auth","pharmacyPriorAuthCreate","src/handlers/pharmacy.ts:createPriorAuthorization","Query/Put/Write/Update/Get","Yes","Yes","Yes","Implemented"
"GET","/pharmacy/prior-auth/{id}","pharmacyPriorAuthGet","src/handlers/pharmacy.ts:getPriorAuthorizationById","Query/Put/Write/Update/Get","Yes","Yes","Yes","Implemented"
"POST","/pharmacy/prior-auth/{id}/status","pharmacyPriorAuthUpdate","src/handlers/pharmacy.ts:updatePriorAuthorization","Query/Put/Write/Update/Get","Yes","Yes","Yes","Implemented"
"POST","/pharmacy/program-track/events","pharmacyProgramTrackRecord","src/handlers/pharmacy.ts:recordProgramTrackEvent","Query/Put/Write/Update/Get","Yes","Yes","Yes","Implemented"
"POST","/pharmacy/return-policy/evaluate","pharmacyReturnPolicyEvaluate","src/handlers/pharmacy-compliance.ts:evaluateReturnPolicy","Read/Write","Yes","Yes","Yes","Implemented"
"POST","/prescriptions","sharedPrescriptionUpload","src/handlers/shared-prescriptions.ts:uploadSharedPrescription","Get","Yes","Yes","Yes","Implemented"
"GET","/prescriptions/check/{rxId}","sharedPrescriptionCheck","src/handlers/shared-prescriptions.ts:checkSharedPrescription","Get","Yes","Yes","Yes","Implemented"
"GET","/prescriptions/{rxId}","sharedPrescriptionGet","src/handlers/shared-prescriptions.ts:getSharedPrescription","Get","Yes","Yes","Yes","Implemented"
"PATCH","/prescriptions/{rxId}/dispense","sharedPrescriptionDispense","src/handlers/shared-prescriptions.ts:dispenseSharedPrescription","Get","Yes","Yes","Yes","Implemented"
"POST","/pump/atg/ingest","pumpAtgIngest","src/handlers/pump-integrations.ts:ingestAtgReading","Query/Put/Write/Update/Delete/Get","Yes","Yes","Yes","Implemented"
"POST","/pump/atg/poll","pumpAtgPoll","src/handlers/pump-integrations.ts:pollAtgReadings","Query/Put/Write/Update/Delete/Get","Yes","Yes","Yes","Implemented"
"POST","/pump/cash-drop","pumpCashDrop","src/handlers/pump.ts:recordCashDrop","Query/Put/Write/Update/Get","Yes","Yes","Yes","Implemented"
"GET","/pump/dip-chart/convert","pumpDipConvert","src/handlers/pump-integrations.ts:convertDipToVolume","Query/Put/Write/Update/Delete/Get","Yes","Yes","Yes","Implemented"
"POST","/pump/dip-chart/upload","pumpDipChartUpload","src/handlers/pump-integrations.ts:uploadDipChart","Query/Put/Write/Update/Delete/Get","Yes","Yes","Yes","Implemented"
"POST","/pump/fleet/authorize","pumpFleetAuthorize","src/handlers/pump-integrations.ts:authorizeFleetCard","Query/Put/Write/Update/Delete/Get","Yes","Yes","Yes","Implemented"
"GET","/pump/fuel-prices","pumpFuelPriceHistory","src/handlers/pump-pricing.ts:getFuelPriceHistory","Put/Write/Update/Get","Yes","Yes","Yes","Implemented"
"POST","/pump/fuel-prices","pumpUpdateFuelPrice","src/handlers/pump-pricing.ts:updateFuelPrice","Put/Write/Update/Get","Yes","Yes","Yes","Implemented"
"POST","/pump/ppm-reading","pumpPpmReading","src/handlers/pump-integrations.ts:recordPpmReading","Query/Put/Write/Update/Delete/Get","Yes","Yes","Yes","Implemented"
"GET","/pump/reports/atg-readings","pumpAtgReadingsReport","src/handlers/pump-reports.ts:atgReadingsReport","Get","Yes","Yes","Yes","Implemented"
"GET","/pump/reports/cashier-collection","pumpCashierCollectionReport","src/handlers/pump-reports.ts:cashierCollectionReport","Get","Yes","Yes","Yes","Implemented"
"GET","/pump/reports/dip-variance","pumpDipVarianceReport","src/handlers/pump-reports.ts:dipVarianceReport","Get","Yes","Yes","Yes","Implemented"
"GET","/pump/reports/dsr","pumpDsrReport","src/handlers/pump-reports.ts:dsrReport","Get","Yes","Yes","Yes","Implemented"
"GET","/pump/reports/nozzle-sales","pumpNozzleSalesReport","src/handlers/pump-reports.ts:nozzleSalesReport","Get","Yes","Yes","Yes","Implemented"
"GET","/pump/reports/rate-variation","pumpRateVariationReport","src/handlers/pump-reports.ts:rateVariationReport","Get","Yes","Yes","Yes","Implemented"
"GET","/pump/reports/shift-collection","pumpShiftCollectionReport","src/handlers/pump-reports.ts:shiftCollectionReport","Get","Yes","Yes","Yes","Implemented"
"GET","/pump/reports/stock-valuation","pumpStockValuationReport","src/handlers/pump-reports.ts:stockValuationReport","Get","Yes","Yes","Yes","Implemented"
"GET","/pump/reports/tank-stock","pumpTankStockReport","src/handlers/pump-reports.ts:tankStockReport","Get","Yes","Yes","Yes","Implemented"
"GET","/pump/reports/tanker-receipts","pumpTankerReceiptReport","src/handlers/pump-reports.ts:tankerReceiptReport","Get","Yes","Yes","Yes","Implemented"
"GET","/pump/reports/vehicle-ledger","pumpVehicleLedgerReport","src/handlers/pump-reports.ts:vehicleLedgerReport","Get","Yes","Yes","Yes","Implemented"
"POST","/pump/shift/approve-dsr","pumpShiftDsrApprove","src/handlers/pump.ts:approveShiftDsr","Query/Put/Write/Update/Get","Yes","Yes","Yes","Implemented"
"POST","/pump/shift/close","pumpShiftClose","src/handlers/pump.ts:closeShift","Query/Put/Write/Update/Get","Yes","Yes","Yes","Implemented"
"POST","/pump/shift/handover-ack","pumpShiftHandoverAck","src/handlers/pump.ts:acknowledgeShiftHandover","Query/Put/Write/Update/Get","Yes","Yes","Yes","Implemented"
"POST","/pump/shift/open","pumpShiftOpen","src/handlers/pump.ts:openShift","Query/Put/Write/Update/Get","Yes","Yes","Yes","Implemented"
"POST","/pump/tank-dip","pumpTankDipRecord","src/handlers/pump-integrations.ts:recordManualDip","Query/Put/Write/Update/Delete/Get","Yes","Yes","Yes","Implemented"
"POST","/pump/tanker-receipts","pumpTankerReceiptRecord","src/handlers/pump-integrations.ts:recordTankerReceipt","Query/Put/Write/Update/Delete/Get","Yes","Yes","Yes","Implemented"
"GET","/reports/balance-sheet","balanceSheetReport","src/handlers/financial-reports.ts:balanceSheetReport","Get","Yes","Yes","Yes","Implemented"
"GET","/reports/cash-flow","cashFlowReport","src/handlers/financial-reports.ts:cashFlowReport","Get","Yes","Yes","Yes","Implemented"
"GET","/reports/expense-register","expenseRegisterReport","src/handlers/financial-reports.ts:expenseRegisterReport","Get","Yes","Yes","Yes","Implemented"
"GET","/reports/export","csvExport","src/handlers/reports.ts:exportReport","Query/Update/Get","Yes","Yes","Yes","Implemented"
"GET","/reports/fund-flow","fundFlowReport","src/handlers/financial-reports.ts:fundFlowReport","Get","Yes","Yes","Yes","Implemented"
"GET","/reports/gstr3b","gstr3bReport","src/handlers/reports.ts:gstr3bReport","Query/Update/Get","Yes","Yes","Yes","Implemented"
"GET","/reports/petty-cash","pettyCashReport","src/handlers/financial-reports.ts:pettyCashReport","Get","Yes","Yes","Yes","Implemented"
"GET","/reports/pnl","pnlReport","src/handlers/reports.ts:profitLossReport","Query/Update/Get","Yes","Yes","Yes","Implemented"
"POST","/reports/share","reportShareCreate","src/handlers/reports.ts:shareReport","Query/Update/Get","Yes","Yes","Yes","Implemented"
"POST","/reports/share-dispatches/{id}/mark-attempt","reportShareDispatchMarkAttempt","src/handlers/reports.ts:markReportDispatchAttempt","Query/Update/Get","Yes","Yes","Yes","Implemented"
"GET","/reports/stock-adjustments","stockAdjustmentsReport","src/handlers/inventory.ts:getStockAdjustments","Query/Put/Write/Update/Delete/Get","Yes","Yes","Yes","Implemented"
"GET","/revenue-monthly","getRevenueMonthly","N/A:N/A","N/A","Yes","No","No","No serverless handler mapping"
"GET","/sales-trend","getSalesTrend","N/A:N/A","N/A","Yes","No","No","No serverless handler mapping"
"GET","/service/jobs","serviceGetMyJobs","src/handlers/service.ts:getMyJobs","Put/Write/Update/Get","Yes","Yes","Yes","Implemented"
"POST","/service/jobs/{id}/parts","serviceAddJobParts","src/handlers/service.ts:addJobParts","Put/Write/Update/Get","Yes","Yes","Yes","Implemented"
"PUT","/service/jobs/{id}/status","serviceUpdateJobStatus","src/handlers/service.ts:updateJobStatus","Put/Write/Update/Get","Yes","Yes","Yes","Implemented"
"GET","/settings/einvoice","einvoiceSettingsGet","src/handlers/einvoice.ts:getEInvoiceSettings","Put/Write/Get","Yes","Yes","Yes","Implemented"
"PUT","/settings/einvoice","einvoiceSettingsUpsert","src/handlers/einvoice.ts:upsertEInvoiceSettings","Put/Write/Get","Yes","Yes","Yes","Implemented"
"POST","/staff/sale","staffSaleCreate","src/handlers/staff-sale.ts:createSale","Put/Write/Update/Get","Yes","Yes","Yes","Implemented"
"GET","/staff/sale/daily-summary","staffSaleDailySummary","src/handlers/staff-sale.ts:getDailySummary","Put/Write/Update/Get","Yes","Yes","Yes","Implemented"
"POST","/staff/sale/generate-qr","staffSaleGenerateQr","src/handlers/staff-sale.ts:generateSaleQr","Put/Write/Update/Get","Yes","Yes","Yes","Implemented"
"GET","/staff/sale/history","staffSaleHistory","src/handlers/staff-sale.ts:getMyHistory","Put/Write/Update/Get","Yes","Yes","Yes","Implemented"
"GET","/staff/transactions","ownerStaffTransactions","src/handlers/staff-sale-history.ts:getStaffTransactions","Get","Yes","Yes","No","Implemented"
"GET","/staff/transactions/summary","ownerStaffTransactionSummary","src/handlers/staff-sale-history.ts:getTransactionSummary","Get","Yes","Yes","No","Implemented"
"GET","/staff/transactions/{id}","ownerStaffTransactionDetail","src/handlers/staff-sale-history.ts:getTransactionDetail","Get","Yes","Yes","No","Implemented"
"GET","/stock-count","stockCountList","src/handlers/stock-count.ts:listCounts","Put/Write/Update/Get","Yes","Yes","Yes","Implemented"
"POST","/stock-count","stockCountStart","src/handlers/stock-count.ts:startCount","Put/Write/Update/Get","Yes","Yes","Yes","Implemented"
"GET","/stock-count/{id}","stockCountGet","src/handlers/stock-count.ts:getCount","Put/Write/Update/Get","Yes","Yes","Yes","Implemented"
"POST","/stock-count/{id}/finalize","stockCountFinalize","src/handlers/stock-count.ts:finalize","Put/Write/Update/Get","Yes","Yes","Yes","Implemented"
"POST","/stock-count/{id}/items","stockCountSubmitItems","src/handlers/stock-count.ts:submitItems","Put/Write/Update/Get","Yes","Yes","Yes","Implemented"
"GET","/storage/signed-url","getSignedUrl","src/handlers/storage.ts:getSignedUrl","Get","Yes","Yes","Yes","Implemented"
"GET","/suppliers","supplierList","src/handlers/suppliers.ts:listSuppliers","Update/Get","Yes","Yes","Yes","Implemented"
"POST","/suppliers","supplierCreate","src/handlers/suppliers.ts:createSupplier","Update/Get","Yes","Yes","Yes","Implemented"
"GET","/suppliers/payables/ageing","supplierPayablesAgeing","src/handlers/suppliers.ts:getSupplierPayableAgeing","Update/Get","Yes","Yes","Yes","Implemented"
"GET","/suppliers/payables/reminder-candidates","supplierReminderCandidates","src/handlers/suppliers.ts:getSupplierReminderCandidates","Update/Get","Yes","Yes","Yes","Implemented"
"POST","/suppliers/payables/reminders/trigger","supplierRemindersTrigger","src/handlers/suppliers.ts:triggerSupplierReminders","Update/Get","Yes","Yes","Yes","Implemented"
"GET","/suppliers/payables/summary","supplierPayablesSummary","src/handlers/suppliers.ts:getSupplierPayablesSummary","Update/Get","Yes","Yes","Yes","Implemented"
"POST","/suppliers/payments","supplierRecordPayment","src/handlers/suppliers.ts:recordSupplierPayment","Update/Get","Yes","Yes","Yes","Implemented"
"PUT","/suppliers/{id}","supplierUpdate","src/handlers/suppliers.ts:updateSupplier","Update/Get","Yes","Yes","Yes","Implemented"
"GET","/suppliers/{id}/ledger","supplierLedger","src/handlers/suppliers.ts:getSupplierLedger","Update/Get","Yes","Yes","Yes","Implemented"
"GET","/top-products","getTopProducts","N/A:N/A","N/A","Yes","No","No","No serverless handler mapping"
"POST","/weighscale/read","weighScaleRead","src/handlers/weighscale.ts:readWeighScale","Get","Yes","Yes","Yes","Implemented"
